                  epoch,         train/box_loss,         train/cls_loss,         train/dfl_loss,   metrics/precision(B),      metrics/recall(B),       metrics/mAP50(B),    metrics/mAP50-95(B),           val/box_loss,           val/cls_loss,           val/dfl_loss,                 lr/pg0,                 lr/pg1,                 lr/pg2
                      0,                  1.682,                 1.4906,                 1.6251,                0.96051,                0.96406,                0.99084,                0.51159,                 1.6722,                0.67613,                  1.487,               0.070139,              0.0033179,              0.0033179
                      1,                 1.2233,                0.66762,                 1.3543,                0.98998,                      1,                0.99463,                0.70896,                 1.1063,                0.45087,                 1.2373,               0.038822,              0.0053343,              0.0053343
                      2,                 1.1457,                0.62505,                 1.3031,                 0.9967,                 0.9939,                 0.9942,                0.69196,                 1.1594,                0.47979,                 1.2397,               0.006185,              0.0060307,              0.0060307
                      3,                 1.0942,                0.58327,                  1.227,                0.99948,                0.99695,                  0.995,                0.70309,                 1.1181,                0.49372,                 1.2269,                0.00406,                0.00406,                0.00406
                      4,                 1.0529,                0.55046,                 1.2101,                0.99658,                0.99695,                  0.995,                0.73359,                 1.0461,                0.42509,                 1.1681,                0.00406,                0.00406,                0.00406
